County,Sex,Pop
New York State,Female,"10,195,020"
New York State,Male,"9,728,690"
New York State,Male and Female,"19,923,710"
New York City,Female,"4,447,164"
New York City,Male,"4,106,515"
New York City,Male and Female,"8,553,679"
New York State excl. NYC,Female,"5,747,857"
New York State excl. NYC,Male,"5,622,175"
New York State excl. NYC,Male and Female,"11,370,031"
Albany,Female,"162,373"
Albany,Male,"153,583"
Albany,Male and Female,"315,955"
Allegany,Female,"22,997"
Allegany,Male,"24,038"
Allegany,Male and Female,"47,035"
Bronx,Female,"750,962"
Bronx,Male,"672,768"
Bronx,Male and Female,"1,423,729"
Broome,Female,"100,031"
Broome,Male,"97,843"
Broome,Male and Female,"197,874"
Cattaraugus,Female,"38,118"
Cattaraugus,Male,"38,378"
Cattaraugus,Male and Female,"76,496"
Cayuga,Female,"36,843"
Cayuga,Male,"38,650"
Cayuga,Male and Female,"75,493"
Chautauqua,Female,"63,540"
Chautauqua,Male,"62,769"
Chautauqua,Male and Female,"126,310"
Chemung,Female,"41,658"
Chemung,Male,"41,190"
Chemung,Male and Female,"82,848"
Chenango,Female,"23,175"
Chenango,Male,"23,511"
Chenango,Male and Female,"46,685"
Clinton,Female,"38,541"
Clinton,Male,"40,376"
Clinton,Male and Female,"78,918"
Columbia,Female,"30,436"
Columbia,Male,"30,893"
Columbia,Male and Female,"61,329"
Cortland,Female,"23,551"
Cortland,Male,"22,909"
Cortland,Male and Female,"46,460"
Delaware,Female,"21,921"
Delaware,Male,"22,652"
Delaware,Male and Female,"44,573"
Dutchess,Female,"149,465"
Dutchess,Male,"148,170"
Dutchess,Male and Female,"297,635"
Erie,Female,"488,232"
Erie,Male,"462,664"
Erie,Male and Female,"950,896"
Essex,Female,"18,063"
Essex,Male,"19,040"
Essex,Male and Female,"37,103"
Franklin,Female,"22,164"
Franklin,Male,"24,674"
Franklin,Male and Female,"46,838"
Fulton,Female,"26,474"
Fulton,Male,"26,332"
Fulton,Male and Female,"52,806"
Genesee,Female,"28,962"
Genesee,Male,"29,023"
Genesee,Male and Female,"57,984"
Greene,Female,"23,095"
Greene,Male,"24,505"
Greene,Male and Female,"47,599"
Hamilton,Female,"2,516"
Hamilton,Male,"2,579"
Hamilton,Male and Female,"5,094"
Herkimer,Female,"29,998"
Herkimer,Male,"29,952"
Herkimer,Male and Female,"59,951"
Jefferson,Female,"55,005"
Jefferson,Male,"60,943"
Jefferson,Male and Female,"115,948"
Kings,Female,"1,390,435"
Kings,Male,"1,265,135"
Kings,Male and Female,"2,655,570"
Lewis,Female,"13,044"
Lewis,Male,"13,581"
Lewis,Male and Female,"26,625"
Livingston,Female,"30,836"
Livingston,Male,"30,790"
Livingston,Male and Female,"61,627"
Madison,Female,"34,001"
Madison,Male,"33,606"
Madison,Male and Female,"67,607"
Monroe,Female,"388,854"
Monroe,Male,"366,218"
Monroe,Male and Female,"755,072"
Montgomery,Female,"24,954"
Montgomery,Male,"24,575"
Montgomery,Male and Female,"49,529"
Nassau,Female,"706,313"
Nassau,Male,"683,802"
Nassau,Male and Female,"1,390,115"
New York,Female,"855,829"
New York,Male,"782,195"
New York,Male and Female,"1,638,025"
Niagara,Female,"107,532"
Niagara,Male,"103,907"
Niagara,Male and Female,"211,439"
Oneida,Female,"115,137"
Oneida,Male,"114,782"
Oneida,Male and Female,"229,920"
Onondaga,Female,"243,170"
Onondaga,Male,"229,245"
Onondaga,Male and Female,"472,415"
Ontario,Female,"57,081"
Ontario,Male,"55,377"
Ontario,Male and Female,"112,458"
Orange,Female,"202,486"
Orange,Male,"201,715"
Orange,Male and Female,"404,201"
Orleans,Female,"19,725"
Orleans,Male,"20,075"
Orleans,Male and Female,"39,800"
Oswego,Female,"58,500"
Oswego,Male,"59,366"
Oswego,Male and Female,"117,866"
Otsego,Female,"30,752"
Otsego,Male,"29,057"
Otsego,Male and Female,"59,809"
Putnam,Female,"48,702"
Putnam,Male,"49,263"
Putnam,Male and Female,"97,965"
Queens,Female,"1,197,626"
Queens,Male,"1,144,421"
Queens,Male and Female,"2,342,047"
Rensselaer,Female,"80,498"
Rensselaer,Male,"79,984"
Rensselaer,Male and Female,"160,482"
Richmond,Female,"252,311"
Richmond,Male,"241,997"
Richmond,Male and Female,"494,308"
Rockland,Female,"171,641"
Rockland,Male,"168,075"
Rockland,Male and Female,"339,716"
Saratoga,Female,"119,419"
Saratoga,Male,"117,692"
Saratoga,Male and Female,"237,111"
Schenectady,Female,"81,220"
Schenectady,Male,"78,285"
Schenectady,Male and Female,"159,505"
Schoharie,Female,"14,880"
Schoharie,Male,"15,085"
Schoharie,Male and Female,"29,965"
Schuyler,Female,"8,831"
Schuyler,Male,"8,899"
Schuyler,Male and Female,"17,730"
Seneca,Female,"16,010"
Seneca,Male,"17,177"
Seneca,Male and Female,"33,187"
St. Lawrence,Female,"52,738"
St. Lawrence,Male,"55,015"
St. Lawrence,Male and Female,"107,754"
Steuben,Female,"46,426"
Steuben,Male,"46,586"
Steuben,Male and Female,"93,011"
Suffolk,Female,"770,187"
Suffolk,Male,"757,619"
Suffolk,Male and Female,"1,527,807"
Sullivan,Female,"38,118"
Sullivan,Male,"41,147"
Sullivan,Male and Female,"79,265"
Tioga,Female,"23,968"
Tioga,Male,"24,115"
Tioga,Male and Female,"48,083"
Tompkins,Female,"53,149"
Tompkins,Male,"51,480"
Tompkins,Male and Female,"104,630"
Ulster,Female,"91,459"
Ulster,Male,"90,872"
Ulster,Male and Female,"182,332"
Warren,Female,"33,119"
Warren,Male,"32,502"
Warren,Male and Female,"65,621"
Washington,Female,"29,450"
Washington,Male,"31,445"
Washington,Male and Female,"60,895"
Wayne,Female,"45,448"
Wayne,Male,"45,628"
Wayne,Male and Female,"91,076"
Westchester,Female,"512,028"
Westchester,Male,"486,945"
Westchester,Male and Female,"998,972"
Wyoming,Female,"18,509"
Wyoming,Male,"21,480"
Wyoming,Male and Female,"39,989"
Yates,Female,"12,517"
Yates,Male,"12,108"
Yates,Male and Female,"24,625"
